{
  "info": {
    "_postman_id": "your-collection-id",
    "name": "Gym Class Management System",
    "description": "API collection for testing the Gym Class Management System",
    "schema": "https://schema.getpostman.com/json/collection/v2.1.0/collection.json"
  },
  "item": [
    {
      "name": "Auth",
      "item": [
        {
          "name": "Register",
          "request": {
            "method": "POST",
            "header": [],
            "body": {
              "mode": "raw",
              "raw": "{\n    \"name\": \"John Doe\",\n    \"email\": \"john@example.com\",\n    \"password\": \"password123\"\n}",
              "options": {
                "raw": {
                  "language": "json"
                }
              }
            },
            "url": {
              "raw": "{{BASE_URL}}/api/auth/register",
              "host": ["{{BASE_URL}}"],
              "path": ["api", "auth", "register"]
            }
          }
        },
        {
          "name": "Login",
          "request": {
            "method": "POST",
            "header": [],
            "body": {
              "mode": "raw",
              "raw": "{\n    \"email\": \"john@example.com\",\n    \"password\": \"password123\"\n}",
              "options": {
                "raw": {
                  "language": "json"
                }
              }
            },
            "url": {
              "raw": "{{BASE_URL}}/api/auth/login",
              "host": ["{{BASE_URL}}"],
              "path": ["api", "auth", "login"]
            }
          }
        }
      ]
    },
    {
      "name": "Admin",
      "item": [
        {
          "name": "Create Trainer",
          "request": {
            "method": "POST",
            "header": [
              {
                "key": "Authorization",
                "value": "Bearer {{ADMIN_TOKEN}}",
                "type": "text"
              }
            ],
            "body": {
              "mode": "raw",
              "raw": "{\n    \"name\": \"Trainer One\",\n    \"email\": \"trainer@example.com\",\n    \"password\": \"trainer123\"\n}",
              "options": {
                "raw": {
                  "language": "json"
                }
              }
            },
            "url": {
              "raw": "{{BASE_URL}}/api/admin/trainers",
              "host": ["{{BASE_URL}}"],
              "path": ["api", "admin", "trainers"]
            }
          }
        },
        {
          "name": "Get All Trainers",
          "request": {
            "method": "GET",
            "header": [
              {
                "key": "Authorization",
                "value": "Bearer {{ADMIN_TOKEN}}",
                "type": "text"
              }
            ],
            "url": {
              "raw": "{{BASE_URL}}/api/admin/trainers",
              "host": ["{{BASE_URL}}"],
              "path": ["api", "admin", "trainers"]
            }
          }
        },
        {
          "name": "Create Schedule",
          "request": {
            "method": "POST",
            "header": [
              {
                "key": "Authorization",
                "value": "Bearer {{ADMIN_TOKEN}}",
                "type": "text"
              }
            ],
            "body": {
              "mode": "raw",
              "raw": "{\n    \"trainerId\": 1,\n    \"date\": \"2025-05-01\",\n    \"startTime\": \"2025-05-01T10:00:00Z\",\n    \"endTime\": \"2025-05-01T12:00:00Z\"\n}",
              "options": {
                "raw": {
                  "language": "json"
                }
              }
            },
            "url": {
              "raw": "{{BASE_URL}}/api/admin/schedules",
              "host": ["{{BASE_URL}}"],
              "path": ["api", "admin", "schedules"]
            }
          }
        },
        {
          "name": "Update Schedule",
          "request": {
            "method": "PUT",
            "header": [
              {
                "key": "Authorization",
                "value": "Bearer {{ADMIN_TOKEN}}",
                "type": "text"
              }
            ],
            "body": {
              "mode": "raw",
              "raw": "{\n    \"trainerId\": 2\n}",
              "options": {
                "raw": {
                  "language": "json"
                }
              }
            },
            "url": {
              "raw": "{{BASE_URL}}/api/admin/schedules/1",
              "host": ["{{BASE_URL}}"],
              "path": ["api", "admin", "schedules", "1"]
            }
          }
        },
        {
          "name": "Delete Schedule",
          "request": {
            "method": "DELETE",
            "header": [
              {
                "key": "Authorization",
                "value": "Bearer {{ADMIN_TOKEN}}",
                "type": "text"
              }
            ],
            "url": {
              "raw": "{{BASE_URL}}/api/admin/schedules/1",
              "host": ["{{BASE_URL}}"],
              "path": ["api", "admin", "schedules", "1"]
            }
          }
        }
      ]
    },
    {
      "name": "Trainer",
      "item": [
        {
          "name": "Get Trainer Schedules",
          "request": {
            "method": "GET",
            "header": [
              {
                "key": "Authorization",
                "value": "Bearer {{TRAINER_TOKEN}}",
                "type": "text"
              }
            ],
            "url": {
              "raw": "{{BASE_URL}}/api/trainer/schedules",
              "host": ["{{BASE_URL}}"],
              "path": ["api", "trainer", "schedules"]
            }
          }
        }
      ]
    },
    {
      "name": "Trainee",
      "item": [
        {
          "name": "Update Profile",
          "request": {
            "method": "PUT",
            "header": [
              {
                "key": "Authorization",
                "value": "Bearer {{TRAINEE_TOKEN}}",
                "type": "text"
              }
            ],
            "body": {
              "mode": "raw",
              "raw": "{\n    \"name\": \"Updated Name\",\n    \"email\": \"updated@example.com\",\n    \"password\": \"newpassword123\"\n}",
              "options": {
                "raw": {
                  "language": "json"
                }
              }
            },
            "url": {
              "raw": "{{BASE_URL}}/api/trainee/profile",
              "host": ["{{BASE_URL}}"],
              "path": ["api", "trainee", "profile"]
            }
          }
        },
        {
          "name": "Book Class",
          "request": {
            "method": "POST",
            "header": [
              {
                "key": "Authorization",
                "value": "Bearer {{TRAINEE_TOKEN}}",
                "type": "text"
              }
            ],
            "body": {
              "mode": "raw",
              "raw": "{\n    \"scheduleId\": 1\n}",
              "options": {
                "raw": {
                  "language": "json"
                }
              }
            },
            "url": {
              "raw": "{{BASE_URL}}/api/trainee/bookings",
              "host": ["{{BASE_URL}}"],
              "path": ["api", "trainee", "bookings"]
            }
          }
        },
        {
          "name": "Cancel Booking",
          "request": {
            "method": "DELETE",
            "header": [
              {
                "key": "Authorization",
                "value": "Bearer {{TRAINEE_TOKEN}}",
                "type": "text"
              }
            ],
            "url": {
              "raw": "{{BASE_URL}}/api/trainee/bookings/1",
              "host": ["{{BASE_URL}}"],
              "path": ["api", "trainee", "bookings", "1"]
            }
          }
        },
        {
          "name": "Get Available Schedules",
          "request": {
            "method": "GET",
            "header": [
              {
                "key": "Authorization",
                "value": "Bearer {{TRAINEE_TOKEN}}",
                "type": "text"
              }
            ],
            "url": {
              "raw": "{{BASE_URL}}/api/trainee/schedules",
              "host": ["{{BASE_URL}}"],
              "path": ["api", "trainee", "schedules"]
            }
          }
        },
        {
          "name": "Get My Bookings",
          "request": {
            "method": "GET",
            "header": [
              {
                "key": "Authorization",
                "value": "Bearer {{TRAINEE_TOKEN}}",
                "type": "text"
              }
            ],
            "url": {
              "raw": "{{BASE_URL}}/api/trainee/bookings",
              "host": ["{{BASE_URL}}"],
              "path": ["api", "trainee", "bookings"]
            }
          }
        }
      ]
    }
  ],
  "event": [
    {
      "listen": "prerequest",
      "script": {
        "type": "text/javascript",
        "exec": [""]
      }
    },
    {
      "listen": "test",
      "script": {
        "type": "text/javascript",
        "exec": [""]
      }
    }
  ],
  "variable": [
    {
      "key": "BASE_URL",
      "value": "http://localhost:3000",
      "type": "string"
    },
    {
      "key": "ADMIN_TOKEN",
      "value": "",
      "type": "string"
    },
    {
      "key": "TRAINER_TOKEN",
      "value": "",
      "type": "string"
    },
    {
      "key": "TRAINEE_TOKEN",
      "value": "",
      "type": "string"
    }
  ]
}